num_boids,brute_force_ms,quadtree_ms
50,0.2940233109984547,0.2226790937129408
100,1.1050462268758565,0.6048749852925539
200,3.697923718718812,1.559496627887711
500,22.017714987741783,5.895969547564164
1000,86.84743537101895,18.896068340400234
2000,342.91081456583925,64.10955704865046
